asset_type,pos_x,pos_y,pos_z
LegacyMarker,1.0410339832305908,0.007494573015719652,0.4032460153102875
LegacyMarker,0.9281672835350037,0.007069027051329613,0.41723719239234924
